criterio,radio_m,min_s,fraccion_parado,n_paradas
aparato,,60.0,0.1457,51
aparato,,120.0,0.1363,41
aparato,,300.0,0.1046,20
dispersion,10.0,60.0,0.4951,119
dispersion,10.0,120.0,0.4606,72
dispersion,10.0,300.0,0.3975,36
dispersion,20.0,60.0,0.5597,168
dispersion,20.0,120.0,0.5004,76
dispersion,20.0,300.0,0.444,38
dispersion,40.0,60.0,0.6877,257
dispersion,40.0,120.0,0.5787,111
dispersion,40.0,300.0,0.4732,41
ambos,10.0,60.0,0.5013,97
ambos,10.0,120.0,0.4689,61
ambos,10.0,300.0,0.4075,35
ambos,20.0,60.0,0.5646,138
ambos,20.0,120.0,0.5036,68
ambos,20.0,300.0,0.4469,37
ambos,40.0,60.0,0.7082,106
ambos,40.0,120.0,0.5822,93
ambos,40.0,300.0,0.476,38
