traza,modo,d_entre_fixes_m,inicio,horas_total,horas_marcha,horas_parado,fraccion_parado,horas_sin_grabar,km,subida_m,bajada_m,n_paradas,parada_mediana_min,parada_mas_larga_min,altitud_media_paradas_m,v_marcha_media_kmh
2026-05-31_18-56_Sun paucartambo huancarani,vehiculo,150.4,2026-05-31T23:56:50+00:00,1.533,1.273,0.261,0.1699,0.0,42.649,1559,583,3,5.3,5.8,3396,33.51
2026-05-31_21-06_Sun huancarani ccatcca,vehiculo,68.1,2026-06-01T02:06:30+00:00,1.705,1.091,0.613,0.3598,0.0,25.455,826,973,6,6.2,10.3,3930,23.32
2026-06-01_03-01_Mon ocongate mahuayani,vehiculo,11.4,2026-06-01T08:01:42+00:00,1.471,0.765,0.706,0.4799,0.0,21.573,611,96,4,8.1,23.1,3980,28.19
2026-06-01_05-12_Mahu santuario ,pie,4.6,2026-06-01T10:12:42+00:00,6.609,3.308,3.301,0.4995,0.0,9.679,1004,452,10,7.7,46.9,4335,2.93
2026-06-01_23-53_Mon santuario Colque punku,pie,0.2,2026-06-02T04:53:55+00:00,4.706,1.043,3.663,0.7784,0.0,2.018,414,52,6,22.9,108.5,4823,1.94
2026-06-02_07-16_Tue glaciar santuario ,pie,4.4,2026-06-02T12:16:07+00:00,1.065,0.583,0.482,0.4527,0.0,1.187,23,294,4,2.7,21.4,4860,2.04
2026-06-02_10-56_Tue santuario wataskama,pie,3.8,2026-06-02T15:56:47+00:00,3.893,1.811,2.082,0.5347,0.165,5.739,445,525,9,5.8,82.0,4780,3.17
2026-06-02_15-46_watascama yanacancha,pie,8.0,2026-06-02T20:46:09+00:00,1.021,0.569,0.452,0.4423,0.0,1.99,67,259,4,3.3,18.5,4557,3.49
2026-06-02_20-00_Tue tayancani,pie,7.5,2026-06-03T01:00:00+00:00,7.626,4.562,3.064,0.4018,0.0,12.352,696,1261,14,4.2,123.5,4437,2.71
2026-06-03_06-20_Wed,pie,0.2,2026-06-03T11:20:33+00:00,2.629,0.535,2.094,0.7964,0.0,2.319,183,250,4,19.9,73.3,3905,4.33
2026-06-03_14-07_Wed,pie,8.6,2026-06-03T19:07:06+00:00,0.619,0.534,0.085,0.1373,0.0,1.259,549,852,2,2.5,3.0,3590,2.36
Ccatcca ocongate,vehiculo,110.8,2026-06-01T05:25:43+00:00,1.467,0.975,0.492,0.3354,0.0,31.373,556,705,2,14.8,19.0,3667,32.19
